target,geography,seed_table,importance,control_field,expression
numberOfHouseholds_Gitter_ID_100m_target,Gitter_ID_100m,households,500,numberOfHouseholds_Gitter_ID_100m,(households.H_GEW > 0) & (households.H_GEW < np.inf)
Unter18_Gitter_ID_100m_target,Gitter_ID_100m,persons,500,Unter18_Gitter_ID_100m,(persons.HP_ALTER < 18)
18-29_Gitter_ID_100m_target,Gitter_ID_100m,persons,500,18-29_Gitter_ID_100m,(persons.HP_ALTER > 17)&(persons.HP_ALTER <30)
20-29_Gitter_ID_100m_target,Gitter_ID_100m,persons,500,20-29_Gitter_ID_100m,(persons.HP_ALTER > 19)&(persons.HP_ALTER < 30)
30-39_Gitter_ID_100m_target,Gitter_ID_100m,persons,500,30-39_Gitter_ID_100m,(persons.HP_ALTER > 29)&(persons.HP_ALTER < 40)
30-49_Gitter_ID_100m_target,Gitter_ID_100m,persons,500,30-49_Gitter_ID_100m,(persons.HP_ALTER > 29)&(persons.HP_ALTER < 50)
40-49_Gitter_ID_100m_target,Gitter_ID_100m,persons,500,40-49_Gitter_ID_100m,(persons.HP_ALTER > 39)&(persons.HP_ALTER < 50)
50-59_Gitter_ID_100m_target,Gitter_ID_100m,persons,500,50-59_Gitter_ID_100m,(persons.HP_ALTER > 49)&(persons.HP_ALTER < 60)
50-64_Gitter_ID_100m_target,Gitter_ID_100m,persons,500,50-64_Gitter_ID_100m,(persons.HP_ALTER > 49)&(persons.HP_ALTER < 65)
60-69_Gitter_ID_100m_target,Gitter_ID_100m,persons,500,60-69_Gitter_ID_100m,(persons.HP_ALTER > 59)&(persons.HP_ALTER < 70)
65undalter_Gitter_ID_100m_target,Gitter_ID_100m,persons,500,65undalter_Gitter_ID_100m,(persons.HP_ALTER > 65)
Mannlich_Gitter_Gitter_ID_100m_target,Gitter_ID_100m,persons,500,Mannlich_Gitter_Gitter_ID_100m,(persons.HP_SEX == 1)
Weiblich_Gitter_Gitter_ID_100m_target,Gitter_ID_100m,persons,500,Weiblich_Gitter_Gitter_ID_100m,(persons.HP_SEX == 2)
numberOfHouseholds_STAAT_target,STAAT,households,1000,numberOfHouseholds_STAAT,(households.H_GEW > 0) & (households.H_GEW < np.inf)
Unter18_STAAT_target,STAAT,persons,1000,Unter18_STAAT,(persons.HP_ALTER < 18)
18-29_STAAT_target,STAAT,persons,1000,18-29_STAAT,(persons.HP_ALTER > 17)&(persons.HP_ALTER <30)
20-29_STAAT_target,STAAT,persons,1000,20-29_STAAT,(persons.HP_ALTER > 19)&(persons.HP_ALTER < 30)
30-39_STAAT_target,STAAT,persons,1000,30-39_STAAT,(persons.HP_ALTER > 29)&(persons.HP_ALTER < 40)
30-49_STAAT_target,STAAT,persons,1000,30-49_STAAT,(persons.HP_ALTER > 29)&(persons.HP_ALTER < 50)
40-49_STAAT_target,STAAT,persons,1000,40-49_STAAT,(persons.HP_ALTER > 39)&(persons.HP_ALTER < 50)
50-59_STAAT_target,STAAT,persons,1000,50-59_STAAT,(persons.HP_ALTER > 49)&(persons.HP_ALTER < 60)
50-64_STAAT_target,STAAT,persons,1000,50-64_STAAT,(persons.HP_ALTER > 49)&(persons.HP_ALTER < 65)
60-69_STAAT_target,STAAT,persons,1000,60-69_STAAT,(persons.HP_ALTER > 59)&(persons.HP_ALTER < 70)
65undalter_STAAT_target,STAAT,persons,1000,65undalter_STAAT,(persons.HP_ALTER > 65)
Mannlich_STAAT_target,STAAT,persons,1000,Mannlich_STAAT,(persons.HP_SEX == 1)
Weiblich_STAAT_target,STAAT,persons,1000,Weiblich_STAAT,(persons.HP_SEX == 2)
