table_name,column_name,dtype,checkpoint
geo_cross_walk,Gitter_ID_100m,object,input_pre_processor
geo_cross_walk,STAAT,int64,input_pre_processor
geo_cross_walk,WELT,int64,input_pre_processor
Gitter_ID_100m_control_data,Gitter_ID_100m,object,input_pre_processor
Gitter_ID_100m_control_data,STAAT,int64,input_pre_processor
Gitter_ID_100m_control_data,WELT,int64,input_pre_processor
Gitter_ID_100m_control_data,numberOfHouseholds_Gitter_ID_100m,int64,input_pre_processor
Gitter_ID_100m_control_data,Unter18_Gitter_ID_100m,int64,input_pre_processor
Gitter_ID_100m_control_data,18-29_Gitter_ID_100m,int64,input_pre_processor
Gitter_ID_100m_control_data,20-29_Gitter_ID_100m,int64,input_pre_processor
Gitter_ID_100m_control_data,30-39_Gitter_ID_100m,int64,input_pre_processor
Gitter_ID_100m_control_data,30-49_Gitter_ID_100m,int64,input_pre_processor
Gitter_ID_100m_control_data,40-49_Gitter_ID_100m,int64,input_pre_processor
Gitter_ID_100m_control_data,50-59_Gitter_ID_100m,int64,input_pre_processor
Gitter_ID_100m_control_data,50-64_Gitter_ID_100m,int64,input_pre_processor
Gitter_ID_100m_control_data,60-69_Gitter_ID_100m,int64,input_pre_processor
Gitter_ID_100m_control_data,65undalter_Gitter_ID_100m,int64,input_pre_processor
Gitter_ID_100m_control_data,Mannlich_Gitter_Gitter_ID_100m,int64,input_pre_processor
Gitter_ID_100m_control_data,Weiblich_Gitter_Gitter_ID_100m,int64,input_pre_processor
STAAT_control_data,STAAT,int64,input_pre_processor
STAAT_control_data,WELT,int64,input_pre_processor
STAAT_control_data,numberOfHouseholds_STAAT,int64,input_pre_processor
STAAT_control_data,Unter18_STAAT,int64,input_pre_processor
STAAT_control_data,18-29_STAAT,int64,input_pre_processor
STAAT_control_data,20-29_STAAT,int64,input_pre_processor
STAAT_control_data,30-39_STAAT,int64,input_pre_processor
STAAT_control_data,30-49_STAAT,int64,input_pre_processor
STAAT_control_data,40-49_STAAT,int64,input_pre_processor
STAAT_control_data,50-59_STAAT,int64,input_pre_processor
STAAT_control_data,50-64_STAAT,int64,input_pre_processor
STAAT_control_data,60-69_STAAT,int64,input_pre_processor
STAAT_control_data,65undalter_STAAT,int64,input_pre_processor
STAAT_control_data,Mannlich_STAAT,int64,input_pre_processor
STAAT_control_data,Weiblich_STAAT,int64,input_pre_processor
WELT_control_data,WELT,int64,input_pre_processor
crosswalk,WELT,int64,setup_data_structures
crosswalk,STAAT,int64,setup_data_structures
crosswalk,Gitter_ID_100m,object,setup_data_structures
control_spec,target,object,setup_data_structures
control_spec,geography,object,setup_data_structures
control_spec,seed_table,object,setup_data_structures
control_spec,importance,int64,setup_data_structures
control_spec,control_field,object,setup_data_structures
control_spec,expression,object,setup_data_structures
WELT_controls,WELT,int64,setup_data_structures
WELT_controls,numberOfHouseholds_Gitter_ID_100m_target,int64,setup_data_structures
WELT_controls,Unter18_Gitter_ID_100m_target,int64,setup_data_structures
WELT_controls,18-29_Gitter_ID_100m_target,int64,setup_data_structures
WELT_controls,20-29_Gitter_ID_100m_target,int64,setup_data_structures
WELT_controls,30-39_Gitter_ID_100m_target,int64,setup_data_structures
WELT_controls,30-49_Gitter_ID_100m_target,int64,setup_data_structures
WELT_controls,40-49_Gitter_ID_100m_target,int64,setup_data_structures
WELT_controls,50-59_Gitter_ID_100m_target,int64,setup_data_structures
WELT_controls,50-64_Gitter_ID_100m_target,int64,setup_data_structures
WELT_controls,60-69_Gitter_ID_100m_target,int64,setup_data_structures
WELT_controls,65undalter_Gitter_ID_100m_target,int64,setup_data_structures
WELT_controls,Mannlich_Gitter_Gitter_ID_100m_target,int64,setup_data_structures
WELT_controls,Weiblich_Gitter_Gitter_ID_100m_target,int64,setup_data_structures
WELT_controls,numberOfHouseholds_STAAT_target,int64,setup_data_structures
WELT_controls,Unter18_STAAT_target,int64,setup_data_structures
WELT_controls,18-29_STAAT_target,int64,setup_data_structures
WELT_controls,20-29_STAAT_target,int64,setup_data_structures
WELT_controls,30-39_STAAT_target,int64,setup_data_structures
WELT_controls,30-49_STAAT_target,int64,setup_data_structures
WELT_controls,40-49_STAAT_target,int64,setup_data_structures
WELT_controls,50-59_STAAT_target,int64,setup_data_structures
WELT_controls,50-64_STAAT_target,int64,setup_data_structures
WELT_controls,60-69_STAAT_target,int64,setup_data_structures
WELT_controls,65undalter_STAAT_target,int64,setup_data_structures
WELT_controls,Mannlich_STAAT_target,int64,setup_data_structures
WELT_controls,Weiblich_STAAT_target,int64,setup_data_structures
STAAT_controls,STAAT,int64,setup_data_structures
STAAT_controls,numberOfHouseholds_Gitter_ID_100m_target,int64,setup_data_structures
STAAT_controls,Unter18_Gitter_ID_100m_target,int64,setup_data_structures
STAAT_controls,18-29_Gitter_ID_100m_target,int64,setup_data_structures
STAAT_controls,20-29_Gitter_ID_100m_target,int64,setup_data_structures
STAAT_controls,30-39_Gitter_ID_100m_target,int64,setup_data_structures
STAAT_controls,30-49_Gitter_ID_100m_target,int64,setup_data_structures
STAAT_controls,40-49_Gitter_ID_100m_target,int64,setup_data_structures
STAAT_controls,50-59_Gitter_ID_100m_target,int64,setup_data_structures
STAAT_controls,50-64_Gitter_ID_100m_target,int64,setup_data_structures
STAAT_controls,60-69_Gitter_ID_100m_target,int64,setup_data_structures
STAAT_controls,65undalter_Gitter_ID_100m_target,int64,setup_data_structures
STAAT_controls,Mannlich_Gitter_Gitter_ID_100m_target,int64,setup_data_structures
STAAT_controls,Weiblich_Gitter_Gitter_ID_100m_target,int64,setup_data_structures
STAAT_controls,numberOfHouseholds_STAAT_target,int64,setup_data_structures
STAAT_controls,Unter18_STAAT_target,int64,setup_data_structures
STAAT_controls,18-29_STAAT_target,int64,setup_data_structures
STAAT_controls,20-29_STAAT_target,int64,setup_data_structures
STAAT_controls,30-39_STAAT_target,int64,setup_data_structures
STAAT_controls,30-49_STAAT_target,int64,setup_data_structures
STAAT_controls,40-49_STAAT_target,int64,setup_data_structures
STAAT_controls,50-59_STAAT_target,int64,setup_data_structures
STAAT_controls,50-64_STAAT_target,int64,setup_data_structures
STAAT_controls,60-69_STAAT_target,int64,setup_data_structures
STAAT_controls,65undalter_STAAT_target,int64,setup_data_structures
STAAT_controls,Mannlich_STAAT_target,int64,setup_data_structures
STAAT_controls,Weiblich_STAAT_target,int64,setup_data_structures
Gitter_ID_100m_controls,Gitter_ID_100m,object,setup_data_structures
Gitter_ID_100m_controls,numberOfHouseholds_Gitter_ID_100m_target,int64,setup_data_structures
Gitter_ID_100m_controls,Unter18_Gitter_ID_100m_target,int64,setup_data_structures
Gitter_ID_100m_controls,18-29_Gitter_ID_100m_target,int64,setup_data_structures
Gitter_ID_100m_controls,20-29_Gitter_ID_100m_target,int64,setup_data_structures
Gitter_ID_100m_controls,30-39_Gitter_ID_100m_target,int64,setup_data_structures
Gitter_ID_100m_controls,30-49_Gitter_ID_100m_target,int64,setup_data_structures
Gitter_ID_100m_controls,40-49_Gitter_ID_100m_target,int64,setup_data_structures
Gitter_ID_100m_controls,50-59_Gitter_ID_100m_target,int64,setup_data_structures
Gitter_ID_100m_controls,50-64_Gitter_ID_100m_target,int64,setup_data_structures
Gitter_ID_100m_controls,60-69_Gitter_ID_100m_target,int64,setup_data_structures
Gitter_ID_100m_controls,65undalter_Gitter_ID_100m_target,int64,setup_data_structures
Gitter_ID_100m_controls,Mannlich_Gitter_Gitter_ID_100m_target,int64,setup_data_structures
Gitter_ID_100m_controls,Weiblich_Gitter_Gitter_ID_100m_target,int64,setup_data_structures
households,H_ID,int64,input_pre_processor
households,H_GEW,float64,input_pre_processor
households,STAAT,int64,input_pre_processor
persons,HP_ALTER,int64,input_pre_processor
persons,P_GEW,float64,input_pre_processor
persons,HP_SEX,int64,input_pre_processor
persons,H_ID,int64,input_pre_processor
persons,HP_ID,int64,input_pre_processor
persons,P_ID,int64,input_pre_processor
persons,STAAT,int64,input_pre_processor
household_groups,group_id,int64,setup_data_structures
household_groups,sample_weight,float64,setup_data_structures
household_groups,H_ID,int64,setup_data_structures
incidence_table,H_ID,int64,setup_data_structures
incidence_table,numberOfHouseholds_Gitter_ID_100m_target,int64,setup_data_structures
incidence_table,Unter18_Gitter_ID_100m_target,int64,setup_data_structures
incidence_table,18-29_Gitter_ID_100m_target,int64,setup_data_structures
incidence_table,20-29_Gitter_ID_100m_target,int64,setup_data_structures
incidence_table,30-39_Gitter_ID_100m_target,int64,setup_data_structures
incidence_table,30-49_Gitter_ID_100m_target,int64,setup_data_structures
incidence_table,40-49_Gitter_ID_100m_target,int64,setup_data_structures
incidence_table,50-59_Gitter_ID_100m_target,int64,setup_data_structures
incidence_table,50-64_Gitter_ID_100m_target,int64,setup_data_structures
incidence_table,60-69_Gitter_ID_100m_target,int64,setup_data_structures
incidence_table,65undalter_Gitter_ID_100m_target,int64,setup_data_structures
incidence_table,Mannlich_Gitter_Gitter_ID_100m_target,int64,setup_data_structures
incidence_table,Weiblich_Gitter_Gitter_ID_100m_target,int64,setup_data_structures
incidence_table,numberOfHouseholds_STAAT_target,int64,setup_data_structures
incidence_table,Unter18_STAAT_target,int64,setup_data_structures
incidence_table,18-29_STAAT_target,int64,setup_data_structures
incidence_table,20-29_STAAT_target,int64,setup_data_structures
incidence_table,30-39_STAAT_target,int64,setup_data_structures
incidence_table,30-49_STAAT_target,int64,setup_data_structures
incidence_table,40-49_STAAT_target,int64,setup_data_structures
incidence_table,50-59_STAAT_target,int64,setup_data_structures
incidence_table,50-64_STAAT_target,int64,setup_data_structures
incidence_table,60-69_STAAT_target,int64,setup_data_structures
incidence_table,65undalter_STAAT_target,int64,setup_data_structures
incidence_table,Mannlich_STAAT_target,int64,setup_data_structures
incidence_table,Weiblich_STAAT_target,int64,setup_data_structures
incidence_table,STAAT,int64,setup_data_structures
incidence_table,WELT,int64,setup_data_structures
incidence_table,sample_weight,float64,setup_data_structures
incidence_table,group_size,int64,setup_data_structures
incidence_table,group_id,int64,setup_data_structures
STAAT_weights,STAAT,int64,initial_seed_balancing
STAAT_weights,preliminary_balanced_weight,float64,initial_seed_balancing
STAAT_weights,sample_weight,float64,initial_seed_balancing
STAAT_weights,H_ID,int64,initial_seed_balancing
STAAT_weights,balanced_weight,float64,final_seed_balancing
STAAT_weights,integer_weight,int64,integerize_final_seed_weights
Gitter_ID_100m_weights,H_ID,int64,sub_balancing.geography=Gitter_ID_100m
Gitter_ID_100m_weights,Gitter_ID_100m,object,sub_balancing.geography=Gitter_ID_100m
Gitter_ID_100m_weights,balanced_weight,float64,sub_balancing.geography=Gitter_ID_100m
Gitter_ID_100m_weights,integer_weight,int64,sub_balancing.geography=Gitter_ID_100m
Gitter_ID_100m_weights,STAAT,int64,sub_balancing.geography=Gitter_ID_100m
Gitter_ID_100m_weights,WELT,int64,sub_balancing.geography=Gitter_ID_100m
Gitter_ID_100m_weights_sparse,H_ID,int64,sub_balancing.geography=Gitter_ID_100m
Gitter_ID_100m_weights_sparse,Gitter_ID_100m,object,sub_balancing.geography=Gitter_ID_100m
Gitter_ID_100m_weights_sparse,balanced_weight,float64,sub_balancing.geography=Gitter_ID_100m
Gitter_ID_100m_weights_sparse,integer_weight,int64,sub_balancing.geography=Gitter_ID_100m
Gitter_ID_100m_weights_sparse,STAAT,int64,sub_balancing.geography=Gitter_ID_100m
Gitter_ID_100m_weights_sparse,WELT,int64,sub_balancing.geography=Gitter_ID_100m
expanded_household_ids,STAAT,object,expand_households
expanded_household_ids,Gitter_ID_100m,object,expand_households
expanded_household_ids,H_ID,int64,expand_households
