process,pid,rss,full_rss,uss,event,children,time
MainProcess,179039,119_926_784,119_926_784,115_834_880,pipeline.run before preload_injectables,0,2024/01/13 23:10:47.762371
MainProcess,179039,119_926_784,119_926_784,115_937_280,pipeline.run after preload_injectables,0,2024/01/13 23:10:47.777484
MainProcess,179039,119_926_784,119_926_784,116_015_104,pipeline.run_model input_pre_processor start,0,2024/01/13 23:10:47.792050
MainProcess,179039,132_673_536,132_673_536,128_618_496,pipeline.run_model input_pre_processor finished,0,2024/01/13 23:10:47.898762
MainProcess,179039,137_699_328,137_699_328,133_652_480,pipeline.run after input_pre_processor,0,2024/01/13 23:10:47.990286
MainProcess,179039,137_699_328,137_699_328,133_664_768,pipeline.run_model setup_data_structures start,0,2024/01/13 23:10:48.006075
MainProcess,179039,153_468_928,153_468_928,149_352_448,pipeline.run_model setup_data_structures finished,0,2024/01/13 23:10:48.163306
MainProcess,179039,149_872_640,149_872_640,145_756_160,pipeline.run after setup_data_structures,0,2024/01/13 23:10:48.272939
MainProcess,179039,149_872_640,149_872_640,145_756_160,pipeline.run_model initial_seed_balancing start,0,2024/01/13 23:10:48.288028
MainProcess,179039,149_872_640,149_872_640,145_756_160,pipeline.run_model initial_seed_balancing finished,0,2024/01/13 23:10:49.196333
MainProcess,179039,149_872_640,149_872_640,145_756_160,pipeline.run after initial_seed_balancing,0,2024/01/13 23:10:49.232348
MainProcess,179039,149_872_640,149_872_640,145_756_160,pipeline.run_model meta_control_factoring start,0,2024/01/13 23:10:49.247690
MainProcess,179039,149_872_640,149_872_640,145_756_160,pipeline.run_model meta_control_factoring finished,0,2024/01/13 23:10:49.263446
MainProcess,179039,149_872_640,149_872_640,145_756_160,pipeline.run after meta_control_factoring,0,2024/01/13 23:10:49.291442
MainProcess,179039,149_872_640,149_872_640,145_756_160,pipeline.run_model final_seed_balancing start,0,2024/01/13 23:10:49.306777
MainProcess,179039,149_872_640,149_872_640,145_756_160,pipeline.run_model final_seed_balancing finished,0,2024/01/13 23:10:49.323523
MainProcess,179039,149_872_640,149_872_640,145_764_352,pipeline.run after final_seed_balancing,0,2024/01/13 23:10:49.359735
MainProcess,179039,149_872_640,149_872_640,145_764_352,pipeline.run_model integerize_final_seed_weights start,0,2024/01/13 23:10:49.375145
MainProcess,179039,163_450_880,163_450_880,160_903_168,pipeline.run_model integerize_final_seed_weights finished,0,2024/01/13 23:10:49.525468
MainProcess,179039,163_450_880,163_450_880,160_911_360,pipeline.run after integerize_final_seed_weights,0,2024/01/13 23:10:49.580470
MainProcess,179039,163_450_880,163_450_880,160_911_360,pipeline.run_model sub_balancing.geography=Gitter_ID_100m start,0,2024/01/13 23:10:49.600123
MainProcess,179039,11_305_295_872,11_305_295_872,11_307_417_600,pipeline.run_model sub_balancing.geography=Gitter_ID_100m finished,0,2024/01/14 03:02:06.813541
MainProcess,179039,11_305_295_872,11_305_295_872,11_307_417_600,pipeline.run after sub_balancing.geography=Gitter_ID_100m,0,2024/01/14 03:02:08.651866
MainProcess,179039,11_305_295_872,11_305_295_872,11_307_417_600,pipeline.run_model expand_households start,0,2024/01/14 03:02:08.747074
MainProcess,179039,11_221_774_336,11_221_774_336,11_224_158_208,pipeline.run_model expand_households finished,0,2024/01/14 03:02:21.354821
MainProcess,179039,11_220_463_616,11_220_463_616,11_222_585_344,pipeline.run after expand_households,0,2024/01/14 03:02:21.509003
MainProcess,179039,11_220_463_616,11_220_463_616,11_222_585_344,pipeline.run_model write_data_dictionary start,0,2024/01/14 03:02:21.601872
MainProcess,179039,11_220_463_616,11_220_463_616,11_222_888_448,pipeline.run_model write_data_dictionary finished,0,2024/01/14 03:02:22.412632
MainProcess,179039,11_220_463_616,11_220_463_616,11_222_888_448,pipeline.run after write_data_dictionary,0,2024/01/14 03:02:22.522566
MainProcess,179039,11_220_463_616,11_220_463_616,11_222_888_448,pipeline.run_model summarize start,0,2024/01/14 03:02:22.614684
MainProcess,179039,11_221_385_216,11_221_385_216,11_223_646_208,pipeline.run_model summarize finished,0,2024/01/14 07:02:05.613952
MainProcess,179039,11_221_385_216,11_221_385_216,11_223_646_208,pipeline.run after summarize,0,2024/01/14 07:02:05.807253
MainProcess,179039,11_221_385_216,11_221_385_216,11_223_646_208,pipeline.run_model write_tables start,0,2024/01/14 07:02:05.860440
MainProcess,179039,11_221_385_216,11_221_385_216,11_223_646_208,pipeline.run_model write_tables finished,0,2024/01/14 07:02:06.418029
MainProcess,179039,11_221_385_216,11_221_385_216,11_223_646_208,pipeline.run after write_tables,0,2024/01/14 07:02:06.489276
MainProcess,179039,11_221_385_216,11_221_385_216,11_223_646_208,pipeline.run_model write_synthetic_population start,0,2024/01/14 07:02:06.542503
MainProcess,179039,11_221_385_216,11_221_385_216,11_223_646_208,pipeline.run_model write_synthetic_population finished,0,2024/01/14 07:02:07.967533
MainProcess,179039,11_221_385_216,11_221_385_216,11_223_646_208,pipeline.run after write_synthetic_population,0,2024/01/14 07:02:08.037462
MainProcess,179039,11_221_385_216,11_221_385_216,11_223_646_208,pipeline.run after run_models,0,2024/01/14 07:02:08.090315
