process_name,model_name,seconds,minutes
MainProcess,input_pre_processor,0.2,0.0
MainProcess,setup_data_structures,0.3,0.0
MainProcess,initial_seed_balancing,1.0,0.0
MainProcess,meta_control_factoring,0.1,0.0
MainProcess,final_seed_balancing,0.1,0.0
MainProcess,integerize_final_seed_weights,0.2,0.0
MainProcess,sub_balancing.geography=Gitter_ID_100m,13879.1,231.3
MainProcess,expand_households,12.9,0.2
MainProcess,write_data_dictionary,1.0,0.0
MainProcess,summarize,14383.3,239.7
MainProcess,write_tables,0.7,0.0
MainProcess,write_synthetic_population,1.5,0.0
